chrom	pos	end	max_score
chr1	1425821	1425822	-0.5964548720871954
chr1	1615868	1615869	-0.28424870300834826
chr1	1659059	1659060	0.2399619662396475
chr1	1659113	1659114	4.138281918429666
chr1	2050957	2050958	0.3545585256495123
chr1	2074687	2074688	-0.05405802758369882
chr1	3437072	3437073	0.09850539992153395
